Pathways,8h,12h,24h,72h,Compound
REACTOME_RESPONSE_OF_EIF2AK4_GCN2_TO_AMINO_ACID_DEFICIENCY,0,1,0,1,Amio_5uM
REACTOME_EUKARYOTIC_TRANSLATION_ELONGATION,0,1,0,1,Amio_5uM
REACTOME_CELLULAR_RESPONSE_TO_STARVATION,0,1,0,1,Amio_5uM
REACTOME_EUKARYOTIC_TRANSLATION_INITIATION,0,1,0,1,Amio_5uM
REACTOME_METABOLISM_OF_STEROIDS,0,0,0,1,Amio_5uM
REACTOME_CHOLESTEROL_BIOSYNTHESIS,0,0,0,1,Amio_5uM
REACTOME_NONSENSE_MEDIATED_DECAY_NMD,0,0,0,1,Amio_5uM
REACTOME_TRANSLATION,0,0,0,1,Amio_5uM
REACTOME_SELENOAMINO_ACID_METABOLISM,0,0,0,1,Amio_5uM
REACTOME_METABOLISM_OF_LIPIDS,0,0,0,1,Amio_5uM
REACTOME_ACTIVATION_OF_GENE_EXPRESSION_BY_SREBF_SREBP,0,0,0,1,Amio_5uM
REACTOME_METABOLISM_OF_AMINO_ACIDS_AND_DERIVATIVES,0,0,0,1,Amio_5uM
REACTOME_PERK_REGULATES_GENE_EXPRESSION,1,0,1,1,Amio_10uM
REACTOME_INTERLEUKIN_4_AND_INTERLEUKIN_13_SIGNALING,1,0,1,1,Amio_10uM
REACTOME_CELL_CYCLE,1,0,1,1,Amio_10uM
REACTOME_RESPONSE_OF_EIF2AK1_HRI_TO_HEME_DEFICIENCY,1,0,1,1,Amio_10uM
REACTOME_UNFOLDED_PROTEIN_RESPONSE_UPR,1,0,1,1,Amio_10uM
REACTOME_CELLULAR_RESPONSES_TO_EXTERNAL_STIMULI,1,0,1,1,Amio_10uM
REACTOME_NEUROTRANSMITTER_RECEPTORS_AND_POSTSYNAPTIC_SIGNAL_TRANSMISSION,0,0,1,1,Amio_10uM
REACTOME_CELL_CYCLE_MITOTIC,1,0,0,1,Amio_10uM
REACTOME_CELLULAR_RESPONSE_TO_STARVATION,1,0,1,0,Amio_10uM
REACTOME_METABOLISM_OF_AMINO_ACIDS_AND_DERIVATIVES,1,0,1,0,Amio_10uM
REACTOME_RESOLUTION_OF_SISTER_CHROMATID_COHESION,0,0,0,1,Amio_10uM
REACTOME_TRANS_GOLGI_NETWORK_VESICLE_BUDDING,0,0,1,0,Amio_10uM
REACTOME_RHO_GTPASES_ACTIVATE_FORMINS,0,0,0,1,Amio_10uM
REACTOME_EUKARYOTIC_TRANSLATION_ELONGATION,1,0,0,0,Amio_10uM
REACTOME_NONSENSE_MEDIATED_DECAY_NMD,1,0,0,0,Amio_10uM
REACTOME_EUKARYOTIC_TRANSLATION_INITIATION,1,0,0,0,Amio_10uM
REACTOME_RESPONSE_OF_EIF2AK4_GCN2_TO_AMINO_ACID_DEFICIENCY,1,0,0,0,Amio_10uM
REACTOME_GOLGI_ASSOCIATED_VESICLE_BIOGENESIS,0,0,1,0,Amio_10uM
REACTOME_SELENOAMINO_ACID_METABOLISM,1,0,0,0,Amio_10uM
REACTOME_INNATE_IMMUNE_SYSTEM,0,0,0,1,Amio_10uM
REACTOME_CREB1_PHOSPHORYLATION_THROUGH_NMDA_RECEPTOR_MEDIATED_ACTIVATION_OF_RAS_SIGNALING,0,0,0,1,Amio_10uM
REACTOME_ATF4_ACTIVATES_GENES_IN_RESPONSE_TO_ENDOPLASMIC_RETICULUM_STRESS,0,0,0,1,Amio_10uM
REACTOME_CELL_CYCLE_CHECKPOINTS,0,0,0,1,Amio_10uM
REACTOME_M_PHASE,0,0,0,1,Amio_10uM
REACTOME_CHROMOSOME_MAINTENANCE,0,0,0,1,Amio_10uM
REACTOME_CELLULAR_RESPONSE_TO_HEAT_STRESS,0,0,0,1,Amio_10uM
REACTOME_RESPONSE_TO_ELEVATED_PLATELET_CYTOSOLIC_CA2,0,0,1,0,Amio_10uM
REACTOME_MITOTIC_METAPHASE_AND_ANAPHASE,0,0,0,1,Amio_10uM
REACTOME_RRNA_PROCESSING,1,0,0,0,Amio_10uM
REACTOME_MITOTIC_PROMETAPHASE,0,0,0,1,Amio_10uM
REACTOME_SIGNALING_BY_GPCR,0,0,1,0,Amio_10uM
REACTOME_MITOTIC_SPINDLE_CHECKPOINT,0,0,0,1,Amio_10uM
REACTOME_TRANSLATION,1,0,0,0,Amio_10uM
REACTOME_ACTIVATION_OF_NMDA_RECEPTORS_AND_POSTSYNAPTIC_EVENTS,0,0,0,1,Amio_10uM
REACTOME_CYTOKINE_SIGNALING_IN_IMMUNE_SYSTEM,0,0,0,1,Amio_10uM
REACTOME_NEUTROPHIL_DEGRANULATION,0,0,0,1,Amio_10uM
